{"master_volume": 0.24193548387096775, "music_volume": 0.23387096774193547, "sfx_volume": 0.24193548387096775}